entry_time,exit_time,direction,entry,exit,stop,target,atr_at_entry,size,p_l,r_multiple,bars_held,exit_reason,ema50,ema200,rsi,macd,signal
2023-01-02 07:52:00,2023-01-02 07:52:00,buy,1.06820,1.06853,1.06796,1.06853,0.00016,525162.3849,175.00,1.40,1,target,1.06842,1.06833,32.49,-0.000006,0.000009
2023-01-02 15:00:00,2023-01-02 15:04:00,sell,1.06560,1.06560,1.06560,1.06536,0.00012,723517.8275,0.00,0.00,5,stop,1.06531,1.06597,83.45,0.000052,0.000035
2023-01-02 15:23:00,2023-01-02 15:25:00,sell,1.06620,1.06593,1.06620,1.06593,0.00013,651123.8751,176.22,270647424.76,3,target,1.06559,1.06595,79.17,0.000139,0.000134
2023-01-03 08:44:00,2023-01-03 08:45:00,sell,1.05650,1.05692,1.05692,1.05591,0.00028,303113.0657,-126.76,-1.00,2,stop,1.05523,1.05656,72.23,0.000425,0.000430
2023-01-03 10:55:00,2023-01-03 10:56:00,buy,1.05613,1.05613,1.05613,1.05688,0.00036,235663.8491,0.00,0.00,2,stop,1.05694,1.05695,29.04,-0.000181,-0.000121
2023-01-03 14:30:00,2023-01-03 14:31:00,sell,1.05613,1.05613,1.05613,1.05582,0.00015,572821.8270,0.00,0.00,2,stop,1.05576,1.05607,70.42,0.000088,0.000069
2023-01-03 15:38:00,2023-01-03 15:42:00,buy,1.05588,1.05565,1.05565,1.05620,0.00015,548152.9980,-126.12,-1.00,5,stop,1.05617,1.05616,32.23,-0.000075,-0.000081
2023-01-03 19:23:00,2023-01-03 19:31:00,sell,1.05571,1.05571,1.05571,1.05540,0.00015,575842.3886,0.00,0.00,9,stop,1.05510,1.05506,69.05,0.000209,0.000223
2023-01-05 07:43:00,2023-01-05 07:45:00,sell,1.06167,1.06118,1.06167,1.06118,0.00023,358627.9227,175.69,489890537.26,3,target,1.06113,1.06132,72.50,0.000089,0.000052
2023-01-05 13:21:00,2023-01-05 13:22:00,sell,1.05393,1.05393,1.05393,1.05334,0.00028,301805.8214,0.00,0.00,2,stop,1.05299,1.05500,79.14,0.000191,0.000162
2023-01-09 07:54:00,2023-01-09 07:57:00,buy,1.06861,1.06861,1.06861,1.06904,0.00021,409446.7569,0.00,0.00,4,stop,1.06870,1.06688,31.98,0.000007,0.000072
2023-01-09 18:04:00,2023-01-09 18:09:00,sell,1.07345,1.07382,1.07382,1.07293,0.00025,339884.2247,-126.37,-1.00,6,stop,1.07312,1.07339,70.07,0.000029,0.000013
2023-01-09 19:04:00,2023-01-09 19:05:00,sell,1.07372,1.07329,1.07403,1.07329,0.00020,410873.4534,176.03,1.40,2,target,1.07325,1.07334,72.13,0.000010,0.000009
2023-01-10 20:22:00,2023-01-10 20:23:00,buy,1.07304,1.07285,1.07285,1.07330,0.00012,683139.5108,-126.62,-1.00,2,stop,1.07366,1.07374,24.42,-0.000242,-0.000244
2023-01-12 07:27:00,2023-01-12 07:38:00,sell,1.07649,1.07613,1.07649,1.07613,0.00017,494973.2938,176.38,356341567.95,12,target,1.07628,1.07632,67.20,0.000026,0.000020
2023-01-13 07:18:00,2023-01-13 07:24:00,sell,1.08145,1.08104,1.08145,1.08104,0.00020,432116.4629,177.61,411033209.25,7,target,1.08151,1.08332,68.10,-0.000051,-0.000080
2023-01-13 08:30:00,2023-01-13 08:31:00,sell,1.08197,1.08135,1.08197,1.08135,0.00030,287016.1337,178.86,623161889.04,2,target,1.08132,1.08227,67.16,0.000171,0.000155
2023-01-13 10:13:00,2023-01-13 10:33:00,sell,1.08285,1.08175,1.08285,1.08175,0.00052,164394.4294,180.11,1095593806.23,21,target,1.08133,1.08127,68.92,0.000437,0.000446
2023-01-16 09:20:00,2023-01-16 09:21:00,sell,1.08211,1.08211,1.08211,1.08173,0.00018,473762.1734,0.00,0.00,2,stop,1.08167,1.08206,73.71,0.000086,0.000059
2023-01-16 10:09:00,2023-01-16 10:17:00,sell,1.08254,1.08213,1.08254,1.08213,0.00019,444586.3425,181.37,407952894.53,9,target,1.08205,1.08207,67.40,0.000104,0.000098
2023-01-16 17:00:00,2023-01-16 17:20:00,buy,1.08196,1.08196,1.08196,1.08225,0.00014,625243.1718,0.00,0.00,10,stop,1.08213,1.08193,31.83,-0.000012,-0.000000
2023-01-17 14:07:00,2023-01-17 14:11:00,sell,1.07956,1.07956,1.07956,1.07927,0.00014,627244.0863,0.00,0.00,5,stop,1.07931,1.08119,69.20,0.000148,0.000151
2023-01-17 14:41:00,2023-01-17 14:51:00,sell,1.08028,1.07994,1.08028,1.07994,0.00016,533037.5369,182.64,342639804.17,11,target,1.07968,1.08084,71.10,0.000162,0.000157
2023-01-18 06:46:00,2023-01-18 06:47:00,buy,1.08275,1.08235,1.08235,1.08330,0.00026,332443.8338,-131.37,-1.00,2,stop,1.08279,1.08071,32.88,-0.000010,-0.000015
2023-01-18 14:59:00,2023-01-18 15:03:00,sell,1.07954,1.07910,1.07954,1.07910,0.00021,417540.5943,183.00,438277779.73,5,target,1.07917,1.08085,76.74,0.000005,-0.000036
2023-01-19 07:52:00,2023-01-19 07:53:00,buy,1.08142,1.08104,1.08104,1.08195,0.00025,350375.7450,-131.63,-1.00,2,stop,1.08189,1.08116,32.46,-0.000102,-0.000069
2023-01-19 09:19:00,2023-01-19 09:30:00,sell,1.08171,1.08233,1.08233,1.08084,0.00041,211806.2407,-130.97,-1.00,12,stop,1.08101,1.08109,68.21,0.000105,0.000028
2023-01-19 13:21:00,2023-01-19 13:31:00,sell,1.08210,1.08250,1.08250,1.08154,0.00027,323837.5953,-130.32,-1.00,11,stop,1.08089,1.08082,67.13,0.000483,0.000536
2023-01-23 07:22:00,2023-01-23 07:23:00,buy,1.08700,1.08746,1.08667,1.08746,0.00022,391032.0998,181.53,1.40,2,target,1.08772,1.08690,32.45,-0.000222,-0.000214
2023-01-23 14:39:00,2023-01-23 14:43:00,buy,1.08594,1.08594,1.08594,1.08627,0.00016,554235.3233,0.00,0.00,5,stop,1.08639,1.08638,30.66,-0.000097,-0.000089
2023-01-23 15:19:00,2023-01-23 15:26:00,sell,1.08630,1.08589,1.08630,1.08589,0.00020,443625.6933,182.80,412059233.39,8,target,1.08596,1.08619,68.82,0.000087,0.000049
2023-01-24 08:17:00,2023-01-24 08:22:00,sell,1.08634,1.08674,1.08674,1.08578,0.00027,330544.4631,-131.49,-1.00,6,stop,1.08628,1.08672,68.15,-0.000134,-0.000190
2023-01-25 07:12:00,2023-01-25 07:22:00,sell,1.08678,1.08639,1.08678,1.08639,0.00019,470331.7022,183.16,389425727.32,11,target,1.08649,1.08748,70.60,0.000057,0.000040
2023-01-25 07:58:00,2023-01-25 08:01:00,sell,1.08733,1.08773,1.08773,1.08677,0.00027,328694.1920,-131.74,-1.00,4,stop,1.08656,1.08719,77.15,0.000139,0.000098
2023-01-25 08:13:00,2023-01-25 08:20:00,sell,1.08770,1.08803,1.08803,1.08724,0.00022,395738.4701,-131.09,-1.00,8,stop,1.08689,1.08722,69.64,0.000240,0.000235
2023-01-25 13:55:00,2023-01-25 14:01:00,buy,1.09098,1.09077,1.09077,1.09128,0.00014,613553.7433,-130.43,-1.00,7,stop,1.09106,1.08990,32.37,0.000030,0.000064
2023-01-25 17:55:00,2023-01-25 17:57:00,buy,1.09146,1.09131,1.09131,1.09167,0.00010,847536.6653,-129.78,-1.00,3,stop,1.09157,1.09124,30.23,0.000016,0.000025
2023-01-26 07:48:00,2023-01-26 07:51:00,sell,1.08954,1.08954,1.08954,1.08917,0.00018,484754.9488,0.00,0.00,4,stop,1.08941,1.09036,71.44,-0.000025,-0.000089
2023-01-26 08:29:00,2023-01-26 08:30:00,sell,1.08964,1.08919,1.08996,1.08919,0.00021,404109.3847,180.78,1.40,2,target,1.08940,1.09007,68.81,0.000027,0.000007
2023-01-26 09:45:00,2023-01-26 09:48:00,buy,1.08936,1.08880,1.08880,1.09015,0.00037,231345.2604,-130.03,-1.00,4,stop,1.09006,1.09007,32.98,-0.000184,-0.000124
2023-02-01 13:47:00,2023-02-01 13:47:00,buy,1.09133,1.09104,1.09104,1.09174,0.00020,439334.7149,-129.38,-1.00,1,stop,1.09148,1.09065,30.44,-0.000001,0.000030
2023-02-03 09:47:00,2023-02-03 09:51:00,sell,1.08695,1.08587,1.08695,1.08587,0.00051,166663.3185,180.23,1081399820.52,5,target,1.08556,1.08838,77.80,0.000367,0.000334
2023-02-06 07:22:00,2023-02-06 07:24:00,sell,1.07723,1.07692,1.07723,1.07692,0.00015,584436.5299,181.49,310540633.98,3,target,1.07680,1.07829,68.61,0.000164,0.000160
2023-02-06 13:51:00,2023-02-06 13:54:00,sell,1.07231,1.07231,1.07231,1.07201,0.00014,603643.9339,0.00,0.00,4,stop,1.07208,1.07376,69.02,0.000084,0.000068
2023-02-08 14:21:00,2023-02-08 14:41:00,buy,1.07278,1.07256,1.07256,1.07309,0.00015,584947.6473,-130.54,-1.00,21,stop,1.07298,1.07292,32.08,0.000008,0.000043
2023-02-08 18:01:00,2023-02-08 18:18:00,sell,1.07150,1.07110,1.07150,1.07110,0.00019,449591.9980,181.85,404473215.05,18,target,1.07125,1.07154,69.00,0.000013,-0.000003
2023-02-09 20:22:00,2023-02-09 20:28:00,sell,1.07379,1.07357,1.07379,1.07357,0.00010,843700.9146,183.12,217044752.66,7,target,1.07338,1.07351,67.01,0.000167,0.000177
2023-02-16 14:42:00,2023-02-16 14:52:00,buy,1.06933,1.06915,1.06915,1.06958,0.00012,748706.8533,-131.72,-1.00,11,stop,1.06936,1.06870,32.60,0.000003,0.000029
2023-02-17 08:34:00,2023-02-17 08:39:00,sell,1.06323,1.06361,1.06361,1.06270,0.00025,345545.7963,-131.06,-1.00,6,stop,1.06250,1.06326,71.15,0.000180,0.000159
2023-02-17 15:30:00,2023-02-17 15:32:00,buy,1.06938,1.06966,1.06938,1.06966,0.00013,658570.4727,182.56,277211464.74,3,target,1.06948,1.06827,32.85,0.000001,0.000025
2023-02-23 07:54:00,2023-02-23 09:00:00,sell,1.06160,1.06112,1.06160,1.06112,0.00023,385514.2679,183.84,476872696.29,7,target,1.06116,1.06120,69.02,0.000064,0.000060
2023-02-23 15:01:00,2023-02-23 15:14:00,sell,1.05964,1.05986,1.05986,1.05933,0.00015,598284.2279,-132.23,-1.00,14,stop,1.05897,1.05992,76.99,0.000114,0.000099
2023-02-23 19:22:00,2023-02-23 19:25:00,sell,1.06004,1.05985,1.06004,1.05985,0.00009,980372.1119,184.20,187890367.49,4,target,1.05974,1.05976,67.64,0.000086,0.000095
2023-02-27 07:16:00,2023-02-27 07:21:00,sell,1.05648,1.05616,1.05671,1.05616,0.00015,584978.0440,185.49,1.40,6,target,1.05563,1.05569,68.41,0.000325,0.000326
2023-03-02 20:49:00,2023-03-02 20:53:00,buy,1.06057,1.06057,1.06057,1.06093,0.00017,515694.1587,0.00,0.00,5,stop,1.06086,1.06041,31.22,-0.000066,-0.000043
2023-03-03 07:39:00,2023-03-03 07:43:00,buy,1.06065,1.06044,1.06044,1.06094,0.00014,640062.1807,-133.42,-1.00,5,stop,1.06095,1.06064,32.66,-0.000082,-0.000068
2023-03-06 14:25:00,2023-03-06 14:32:00,buy,1.06693,1.06722,1.06693,1.06722,0.00014,645524.4508,185.86,287915330.05,8,target,1.06728,1.06573,32.35,-0.000176,-0.000191
2023-03-07 19:59:00,2023-03-07 19:59:00,sell,1.05476,1.05492,1.05492,1.05453,0.00011,831758.2208,-133.68,-1.00,1,stop,1.05457,1.05614,68.38,0.000047,0.000030
2023-03-07 20:35:00,2023-03-07 20:49:00,sell,1.05495,1.05467,1.05495,1.05467,0.00013,663890.1210,186.22,280500623.82,15,target,1.05467,1.05571,68.75,0.000033,0.000016
2023-03-08 08:14:00,2023-03-08 08:14:00,sell,1.05483,1.05442,1.05512,1.05442,0.00019,457999.3851,187.53,1.40,1,target,1.05416,1.05474,67.10,0.000201,0.000214
2023-03-09 20:02:00,2023-03-09 20:03:00,buy,1.05950,1.05929,1.05929,1.05980,0.00014,627789.0634,-134.88,-1.00,2,stop,1.05945,1.05861,32.03,0.000066,0.000077
2023-03-10 13:33:00,2023-03-10 13:42:00,buy,1.06503,1.06503,1.06503,1.06549,0.00022,411521.5045,0.00,0.00,10,stop,1.06543,1.06279,30.90,-0.000196,-0.000192
2023-03-10 15:03:00,2023-03-10 15:05:00,buy,1.06414,1.06414,1.06414,1.06458,0.00021,423057.2110,0.00,0.00,3,stop,1.06484,1.06308,31.49,-0.000279,-0.000305
2023-03-14 06:18:00,2023-03-14 06:24:00,sell,1.07197,1.07197,1.07197,1.07151,0.00022,408469.9111,0.00,0.00,7,stop,1.07136,1.07154,68.16,0.000149,0.000154
2023-03-14 06:38:00,2023-03-14 06:42:00,sell,1.07233,1.07233,1.07233,1.07186,0.00022,403891.2005,0.00,0.00,5,stop,1.07162,1.07160,71.41,0.000148,0.000154
2023-03-15 14:16:00,2023-03-15 14:21:00,sell,1.05856,1.05856,1.05856,1.05751,0.00050,178157.7023,0.00,0.00,6,stop,1.05578,1.05943,68.42,0.001214,0.001363
2023-03-15 17:12:00,2023-03-15 17:16:00,sell,1.05789,1.05789,1.05789,1.05757,0.00015,586754.8684,0.00,0.00,5,stop,1.05763,1.05857,68.00,-0.000017,-0.000026
2023-03-15 19:47:00,2023-03-15 19:47:00,sell,1.05856,1.05885,1.05885,1.05815,0.00020,455380.4548,-134.21,-1.00,1,stop,1.05807,1.05823,67.34,0.000093,0.000076
2023-03-17 09:36:00,2023-03-17 09:43:00,buy,1.06268,1.06336,1.06268,1.06336,0.00033,273635.5298,186.95,683223275.53,8,target,1.06295,1.06235,32.68,-0.000029,-0.000006
2023-03-21 13:26:00,2023-03-21 13:26:00,buy,1.07580,1.07561,1.07561,1.07606,0.00012,719084.4424,-134.47,-1.00,1,stop,1.07651,1.07581,32.10,-0.000245,-0.000251
2023-03-29 09:34:00,2023-03-29 09:37:00,buy,1.08345,1.08345,1.08345,1.08394,0.00024,379102.8812,0.00,0.00,4,stop,1.08475,1.08491,26.23,-0.000497,-0.000506
2023-04-03 06:24:00,2023-04-03 06:25:00,sell,1.08617,1.08649,1.08649,1.08572,0.00022,413190.8191,-133.80,-1.00,2,stop,1.08513,1.08581,70.00,0.000350,0.000363
2023-04-03 07:07:00,2023-04-03 07:11:00,buy,1.08646,1.08613,1.08613,1.08693,0.00022,399316.4830,-133.13,-1.00,5,stop,1.08638,1.08609,31.20,0.000062,0.000138
2023-04-04 18:00:00,2023-04-04 18:00:00,buy,1.09542,1.09562,1.09528,1.09562,0.00010,928733.4623,185.45,1.40,1,target,1.09551,1.09394,30.76,-0.000010,-0.000004
2023-04-06 10:07:00,2023-04-06 10:08:00,sell,1.09048,1.09093,1.09093,1.08986,0.00030,299589.4224,-133.39,-1.00,2,stop,1.08954,1.08999,75.51,0.000204,0.000108
2023-04-10 17:00:00,2023-04-10 17:13:00,sell,1.08597,1.08607,1.08607,1.08583,0.00007,1331360.2396,-132.73,-1.00,14,stop,1.08606,1.08756,72.52,0.000076,0.000077
2023-04-11 14:05:00,2023-04-11 14:06:00,sell,1.09108,1.09089,1.09122,1.09089,0.00009,972168.7452,184.89,1.40,2,target,1.09065,1.09060,70.20,0.000160,0.000167
2023-04-12 15:13:00,2023-04-12 15:15:00,buy,1.09926,1.09926,1.09926,1.09951,0.00012,749500.9537,0.00,0.00,3,stop,1.09934,1.09667,30.68,-0.000043,-0.000027
2023-04-13 13:19:00,2023-04-13 13:22:00,buy,1.10556,1.10537,1.10537,1.10583,0.00013,684170.2186,-132.99,-1.00,4,stop,1.10561,1.10316,31.60,-0.000070,-0.000058
2023-04-14 06:53:00,2023-04-14 06:54:00,buy,1.10573,1.10603,1.10573,1.10603,0.00014,609146.4984,185.25,304116710.51,2,target,1.10604,1.10549,32.11,-0.000085,-0.000069
2023-04-14 14:31:00,2023-04-14 14:33:00,sell,1.09930,1.09911,1.09930,1.09911,0.00009,982984.2024,186.55,189777608.09,3,target,1.09903,1.10033,68.78,0.000081,0.000078
2023-04-19 13:36:00,2023-04-19 13:38:00,buy,1.09551,1.09551,1.09551,1.09578,0.00013,683847.9741,0.00,0.00,3,stop,1.09609,1.09612,28.95,-0.000140,-0.000145
2023-04-19 20:19:00,2023-04-19 20:20:00,sell,1.09572,1.09552,1.09586,1.09552,0.00009,954849.3217,187.85,1.40,2,target,1.09532,1.09541,68.91,0.000115,0.000123
2023-04-20 20:54:00,2023-04-20 20:54:00,sell,1.09684,1.09695,1.09695,1.09668,0.00008,1178722.8621,-135.12,-1.00,1,stop,1.09661,1.09660,67.92,0.000080,0.000072
2023-04-21 14:46:00,2023-04-21 14:53:00,buy,1.09801,1.09787,1.09787,1.09821,0.00010,938066.2011,-134.45,-1.00,8,stop,1.09818,1.09771,30.47,-0.000051,-0.000043
2023-04-24 21:01:00,2023-04-24 21:18:00,buy,1.10583,1.10623,1.10583,1.10623,0.00019,467804.9602,187.28,400342583.22,18,target,1.10594,1.10510,30.83,0.000013,0.000082
2023-04-25 17:41:00,2023-04-25 17:42:00,sell,1.09738,1.09738,1.09738,1.09706,0.00015,592591.0252,0.00,0.00,2,stop,1.09716,1.09818,70.18,0.000027,0.000012
2023-04-27 07:43:00,2023-04-27 07:46:00,buy,1.10365,1.10334,1.10334,1.10408,0.00021,434178.8366,-134.71,-1.00,4,stop,1.10420,1.10418,30.02,-0.000123,-0.000122
2023-04-27 13:32:00,2023-04-27 13:34:00,sell,1.10191,1.10210,1.10210,1.10164,0.00013,699068.0987,-134.04,-1.00,3,stop,1.10127,1.10216,77.23,0.000257,0.000260
2023-04-27 13:42:00,2023-04-27 13:46:00,sell,1.10217,1.10234,1.10234,1.10193,0.00011,778633.9948,-133.37,-1.00,5,stop,1.10149,1.10216,70.01,0.000265,0.000270
2023-04-28 09:01:00,2023-04-28 09:01:00,sell,1.09842,1.09871,1.09871,1.09801,0.00019,456071.1698,-132.70,-1.00,1,stop,1.09858,1.10083,68.19,-0.000211,-0.000233
2023-05-01 09:56:00,2023-05-01 09:59:00,buy,1.10191,1.10191,1.10191,1.10240,0.00023,378660.0876,0.00,0.00,4,stop,1.10220,1.10168,31.04,-0.000059,-0.000029
2023-05-01 14:09:00,2023-05-01 14:12:00,sell,1.09740,1.09740,1.09740,1.09713,0.00013,695647.9706,0.00,0.00,4,stop,1.09716,1.09870,72.80,0.000080,0.000067
2023-05-01 17:02:00,2023-05-01 17:58:00,sell,1.09739,1.09739,1.09739,1.09718,0.00010,882858.5635,0.00,0.00,32,stop,1.09719,1.09813,67.86,0.000007,-0.000022
2023-05-03 06:47:00,2023-05-03 06:52:00,buy,1.10327,1.10303,1.10303,1.10360,0.00016,559134.8613,-132.04,-1.00,6,stop,1.10323,1.10179,30.08,0.000044,0.000090
2023-05-05 06:21:00,2023-05-05 06:24:00,buy,1.10250,1.10286,1.10250,1.10286,0.00017,513626.4612,183.93,358091567.36,4,target,1.10261,1.10224,32.78,0.000051,0.000078
2023-05-05 06:35:00,2023-05-05 06:46:00,buy,1.10252,1.10227,1.10227,1.10287,0.00017,530956.3507,-132.29,-1.00,12,stop,1.10269,1.10230,30.35,0.000010,0.000053
2023-05-11 13:01:00,2023-05-11 13:13:00,sell,1.09241,1.09201,1.09241,1.09201,0.00019,459344.9582,184.29,401194602.12,13,target,1.09142,1.09266,73.27,0.000224,0.000213
2023-05-11 14:45:00,2023-05-11 14:47:00,sell,1.09172,1.09172,1.09172,1.09152,0.00009,949986.3303,0.00,0.00,3,stop,1.09149,1.09196,70.75,0.000040,0.000040
2023-05-11 20:01:00,2023-05-11 20:02:00,sell,1.09139,1.09139,1.09139,1.09126,0.00006,1385742.9887,0.00,0.00,2,stop,1.09140,1.09165,67.16,-0.000053,-0.000064
2023-05-11 20:31:00,2023-05-11 20:42:00,sell,1.09188,1.09171,1.09188,1.09171,0.00008,1079456.8582,185.58,171916759.22,12,target,1.09159,1.09165,70.82,0.000091,0.000087
2023-05-16 20:44:00,2023-05-16 20:49:00,sell,1.08686,1.08686,1.08686,1.08670,0.00007,1192192.2227,0.00,0.00,6,stop,1.08664,1.08671,67.05,0.000046,0.000046
2023-05-17 15:43:00,2023-05-17 15:50:00,sell,1.08416,1.08416,1.08416,1.08400,0.00008,1175487.2145,0.00,0.00,8,stop,1.08408,1.08416,68.77,-0.000015,-0.000026
2023-05-18 15:31:00,2023-05-18 15:32:00,sell,1.07692,1.07703,1.07703,1.07676,0.00008,1164365.6441,-133.48,-1.00,2,stop,1.07670,1.07788,69.94,0.000051,0.000040
2023-05-19 14:59:00,2023-05-19 16:00:00,buy,1.08083,1.08069,1.08069,1.08102,0.00009,959950.8848,-132.82,-1.00,2,stop,1.08093,1.08019,32.15,-0.000055,-0.000051
2023-05-22 20:01:00,2023-05-22 20:01:00,buy,1.08113,1.08134,1.08098,1.08134,0.00010,886982.6166,185.01,1.40,1,target,1.08133,1.08133,27.47,-0.000038,-0.000026
2023-05-23 17:04:00,2023-05-23 17:05:00,sell,1.07710,1.07710,1.07710,1.07686,0.00012,768654.7562,0.00,0.00,2,stop,1.07707,1.07772,71.30,-0.000059,-0.000090
2023-05-24 08:15:00,2023-05-24 08:17:00,sell,1.07861,1.07861,1.07861,1.07823,0.00018,487143.8459,0.00,0.00,3,stop,1.07683,1.07677,77.26,0.000757,0.000764
2023-05-24 14:32:00,2023-05-24 14:53:00,sell,1.07636,1.07601,1.07636,1.07601,0.00016,538519.7617,186.31,345960856.24,22,target,1.07621,1.07681,70.05,0.000058,0.000043
2023-05-31 15:18:00,2023-05-31 15:22:00,sell,1.06758,1.06732,1.06758,1.06732,0.00012,731811.6028,187.61,256365032.29,5,target,1.06676,1.06778,69.69,0.000308,0.000327
2023-05-31 15:52:00,2023-05-31 15:52:00,sell,1.06826,1.06845,1.06845,1.06800,0.00013,716848.1645,-134.95,-1.00,1,stop,1.06755,1.06779,68.01,0.000243,0.000252
2023-06-01 06:27:00,2023-06-01 06:30:00,buy,1.07021,1.07069,1.07021,1.07069,0.00023,388078.3334,187.98,484385610.90,4,target,1.07004,1.06928,32.07,0.000216,0.000285
2023-06-05 13:15:00,2023-06-05 13:18:00,sell,1.07100,1.07100,1.07100,1.07078,0.00010,880145.8022,0.00,0.00,4,stop,1.06963,1.06991,67.31,0.000603,0.000622
2023-06-06 15:18:00,2023-06-06 15:22:00,sell,1.06938,1.06948,1.06948,1.06924,0.00007,1380346.3747,-135.21,-1.00,5,stop,1.06888,1.06888,72.78,0.000147,0.000160
2023-06-07 18:05:00,2023-06-07 18:20:00,sell,1.06995,1.07005,1.07005,1.06981,0.00007,1369534.9020,-134.53,-1.00,16,stop,1.06985,1.07026,67.73,0.000028,0.000020
2023-06-12 07:15:00,2023-06-12 07:18:00,sell,1.07732,1.07704,1.07732,1.07704,0.00013,678221.8283,187.41,276321386.19,4,target,1.07590,1.07615,71.41,0.000645,0.000654
2023-06-12 15:14:00,2023-06-12 15:15:00,sell,1.07584,1.07584,1.07584,1.07567,0.00008,1112887.8131,0.00,0.00,2,stop,1.07536,1.07564,67.94,0.000179,0.000196
2023-06-13 14:24:00,2023-06-13 14:28:00,buy,1.07877,1.07864,1.07864,1.07895,0.00009,1045752.1028,-134.80,-1.00,5,stop,1.07924,1.07916,32.24,-0.000177,-0.000205
2023-06-19 19:00:00,2023-06-19 19:18:00,sell,1.09225,1.09225,1.09225,1.09208,0.00008,1073206.2643,0.00,0.00,19,stop,1.09199,1.09214,70.79,0.000020,0.000009
2023-06-20 20:02:00,2023-06-20 20:05:00,buy,1.09182,1.09182,1.09182,1.09199,0.00008,1132901.5337,0.00,0.00,4,stop,1.09199,1.09187,31.96,-0.000027,-0.000023
2023-06-21 20:02:00,2023-06-21 20:04:00,buy,1.09883,1.09901,1.09883,1.09901,0.00009,1034251.0489,187.78,181556935.39,3,target,1.09889,1.09784,32.74,0.000032,0.000030
2023-06-23 08:22:00,2023-06-23 08:22:00,sell,1.08892,1.08918,1.08918,1.08856,0.00017,518949.3845,-135.06,-1.00,1,stop,1.08809,1.09094,75.57,0.000403,0.000407
2023-06-23 08:31:00,2023-06-23 08:37:00,sell,1.08946,1.08907,1.08946,1.08907,0.00019,478591.8885,188.14,393120807.45,7,target,1.08843,1.09082,77.78,0.000417,0.000421
2023-06-28 20:54:00,2023-06-28 20:56:00,sell,1.09048,1.09048,1.09048,1.09027,0.00010,903397.2048,0.00,0.00,3,stop,1.09059,1.09131,69.02,-0.000078,-0.000104
2023-06-29 06:23:00,2023-06-29 06:25:00,sell,1.09235,1.09235,1.09235,1.09205,0.00014,635360.4007,0.00,0.00,3,stop,1.09149,1.09144,69.10,0.000321,0.000342
2023-06-29 18:20:00,2023-06-29 18:24:00,sell,1.08650,1.08663,1.08663,1.08632,0.00009,1040121.7906,-135.33,-1.00,5,stop,1.08643,1.08748,67.35,-0.000015,-0.000027
2023-06-29 20:38:00,2023-06-29 20:42:00,sell,1.08680,1.08697,1.08697,1.08656,0.00011,797306.3078,-134.65,-1.00,5,stop,1.08656,1.08701,71.67,0.000029,0.000001
2023-06-29 20:56:00,2023-06-29 20:57:00,sell,1.08712,1.08733,1.08733,1.08683,0.00014,643944.6995,-133.98,-1.00,2,stop,1.08669,1.08699,71.51,0.000084,0.000072
2023-06-30 09:01:00,2023-06-30 09:03:00,sell,1.08986,1.08986,1.08986,1.08945,0.00019,457691.4427,0.00,0.00,3,stop,1.08564,1.08626,92.31,0.000393,0.000122
2023-07-03 10:37:00,2023-07-03 10:46:00,buy,1.09069,1.09069,1.09069,1.09118,0.00023,380928.3310,0.00,0.00,10,stop,1.09128,1.09082,30.59,-0.000195,-0.000191
2023-07-04 10:07:00,2023-07-04 10:10:00,sell,1.09008,1.09008,1.09008,1.08988,0.00009,937004.2926,0.00,0.00,4,stop,1.08989,1.09023,67.47,0.000047,0.000046
2023-07-04 20:01:00,2023-07-04 20:01:00,sell,1.08851,1.08837,1.08861,1.08837,0.00006,1381076.9519,186.63,1.40,1,target,1.08804,1.08848,86.08,0.000053,0.000031
2023-07-05 06:40:00,2023-07-05 06:44:00,buy,1.08832,1.08832,1.08832,1.08862,0.00014,621047.6208,0.00,0.00,5,stop,1.08866,1.08863,32.83,-0.000072,-0.000070
2023-07-05 17:38:00,2023-07-05 17:38:00,sell,1.08564,1.08553,1.08572,1.08553,0.00005,1725108.2980,187.94,1.40,1,target,1.08549,1.08619,69.93,0.000026,0.000016
2023-07-06 20:12:00,2023-07-06 20:13:00,buy,1.08883,1.08868,1.08868,1.08905,0.00010,874448.2991,-135.18,-1.00,2,stop,1.08907,1.08877,31.94,-0.000059,-0.000051
2023-07-06 20:30:00,2023-07-06 20:32:00,buy,1.08860,1.08860,1.08860,1.08880,0.00010,923351.2581,0.00,0.00,3,stop,1.08891,1.08876,30.36,-0.000084,-0.000082
2023-07-10 08:47:00,2023-07-10 08:57:00,buy,1.09443,1.09443,1.09443,1.09489,0.00022,407477.7061,0.00,0.00,11,stop,1.09513,1.09492,30.84,-0.000178,-0.000174
2023-07-14 15:59:00,2023-07-16 18:00:00,buy,1.12264,1.12284,1.12250,1.12284,0.00010,927808.1433,188.31,1.40,2,target,1.12294,1.12292,30.55,-0.000073,-0.000065
2023-07-18 18:05:00,2023-07-18 18:20:00,sell,1.12310,1.12324,1.12324,1.12291,0.00009,991798.9199,-135.45,-1.00,15,stop,1.12278,1.12293,70.37,0.000072,0.000067
2023-07-20 16:01:00,2023-07-20 16:11:00,sell,1.11312,1.11291,1.11312,1.11291,0.00010,882394.1586,188.68,213826745.67,11,target,1.11297,1.11550,67.25,0.000041,0.000032
2023-07-20 20:58:00,2023-07-20 21:04:00,sell,1.11363,1.11381,1.11381,1.11338,0.00012,753304.7107,-135.71,-1.00,7,stop,1.11340,1.11375,67.30,0.000035,0.000032
2023-07-25 15:24:00,2023-07-25 15:34:00,sell,1.10498,1.10498,1.10498,1.10477,0.00010,908458.8037,0.00,0.00,11,stop,1.10439,1.10444,72.84,0.000170,0.000171
2023-07-25 20:39:00,2023-07-25 20:39:00,sell,1.10479,1.10461,1.10492,1.10461,0.00009,1037784.2835,189.05,1.40,1,target,1.10473,1.10489,74.72,-0.000048,-0.000084
2023-07-26 08:16:00,2023-07-26 08:22:00,buy,1.10605,1.10579,1.10579,1.10641,0.00017,530691.4479,-135.98,-1.00,7,stop,1.10696,1.10621,30.03,-0.000477,-0.000485
2023-07-28 06:40:00,2023-07-28 06:41:00,sell,1.09874,1.09900,1.09900,1.09838,0.00017,527015.4588,-135.30,-1.00,2,stop,1.09807,1.09850,75.59,0.000188,0.000180
2023-07-28 06:56:00,2023-07-28 08:00:00,sell,1.09948,1.09948,1.09948,1.09915,0.00016,577813.7634,0.00,0.00,5,stop,1.09862,1.09861,68.24,0.000309,0.000326
2023-08-01 09:31:00,2023-08-01 09:34:00,sell,1.09759,1.09719,1.09759,1.09719,0.00019,468520.9492,188.47,402275718.86,4,target,1.09674,1.09717,71.42,0.000323,0.000325
2023-08-02 13:16:00,2023-08-02 13:19:00,sell,1.09550,1.09522,1.09550,1.09522,0.00013,680114.4880,189.79,279061727.39,4,target,1.09419,1.09518,68.59,0.000631,0.000678
2023-08-02 17:05:00,2023-08-02 17:35:00,sell,1.09377,1.09391,1.09391,1.09357,0.00010,951706.6780,-136.52,-1.00,29,stop,1.09374,1.09410,71.61,0.000024,0.000021
2023-08-02 20:14:00,2023-08-02 20:15:00,buy,1.09420,1.09407,1.09407,1.09439,0.00009,1008629.4347,-135.83,-1.00,2,stop,1.09434,1.09428,32.65,-0.000023,-0.000021
2023-08-03 20:18:00,2023-08-03 20:21:00,buy,1.09472,1.09485,1.09472,1.09485,0.00006,1471858.0093,189.22,128555902.38,4,target,1.09497,1.09494,30.02,-0.000082,-0.000086
2023-08-04 07:28:00,2023-08-04 07:29:00,sell,1.09453,1.09422,1.09453,1.09422,0.00015,609693.8679,190.54,312518391.31,2,target,1.09425,1.09458,77.97,-0.000009,-0.000047
2023-08-04 14:18:00,2023-08-04 14:19:00,buy,1.10217,1.10198,1.10198,1.10244,0.00013,711069.3184,-137.05,-1.00,2,stop,1.10272,1.10163,31.87,-0.000200,-0.000219
2023-08-04 14:56:00,2023-08-04 14:58:00,buy,1.10091,1.10091,1.10091,1.10127,0.00017,529409.1978,0.00,0.00,3,stop,1.10169,1.10158,32.97,-0.000201,-0.000213
2023-08-07 08:07:00,2023-08-07 08:19:00,sell,1.09838,1.09804,1.09838,1.09804,0.00016,563746.8116,190.91,338653727.25,13,target,1.09795,1.09856,68.57,0.000079,0.000074
2023-08-07 08:28:00,2023-08-07 08:34:00,sell,1.09850,1.09850,1.09850,1.09818,0.00015,596962.2391,0.00,0.00,7,stop,1.09803,1.09853,70.40,0.000092,0.000074
2023-08-07 20:05:00,2023-08-07 20:08:00,buy,1.10021,1.10021,1.10021,1.10042,0.00010,922480.2530,0.00,0.00,4,stop,1.10037,1.10031,32.66,-0.000020,-0.000008
2023-08-08 08:17:00,2023-08-08 08:20:00,sell,1.09463,1.09423,1.09463,1.09423,0.00019,474943.0609,192.25,404788235.73,4,target,1.09447,1.09625,71.72,-0.000002,-0.000033
2023-08-09 15:44:00,2023-08-09 15:45:00,sell,1.09818,1.09800,1.09831,1.09800,0.00009,1052865.7364,193.60,1.40,2,target,1.09789,1.09788,69.23,0.000089,0.000093
2023-08-15 18:02:00,2023-08-15 18:27:00,sell,1.09048,1.09048,1.09048,1.09028,0.00010,961376.7039,0.00,0.00,26,stop,1.09037,1.09064,67.55,-0.000013,-0.000023
2023-08-17 15:18:00,2023-08-17 15:22:00,sell,1.08669,1.08629,1.08669,1.08629,0.00019,488354.3597,194.95,399202544.70,5,target,1.08616,1.08705,74.56,0.000119,0.000107
2023-08-17 17:46:00,2023-08-17 17:53:00,buy,1.08697,1.08685,1.08685,1.08714,0.00008,1180747.2818,-140.23,-1.00,8,stop,1.08710,1.08708,30.29,-0.000015,0.000009
2023-08-18 10:42:00,2023-08-18 10:48:00,buy,1.08716,1.08766,1.08680,1.08766,0.00024,392968.6310,195.34,1.40,7,target,1.08728,1.08670,31.98,0.000034,0.000123
2023-08-21 20:19:00,2023-08-21 20:23:00,buy,1.08941,1.08956,1.08941,1.08956,0.00007,1310555.9394,196.70,150091061.47,5,target,1.08970,1.08967,32.06,-0.000104,-0.000108
2023-08-22 20:39:00,2023-08-22 20:41:00,buy,1.08505,1.08493,1.08493,1.08522,0.00008,1198505.2304,-141.49,-1.00,3,stop,1.08504,1.08483,30.81,0.000045,0.000074
2023-08-24 07:26:00,2023-08-24 07:29:00,sell,1.08579,1.08548,1.08579,1.08548,0.00015,634694.4770,197.09,310526182.42,4,target,1.08548,1.08590,69.07,0.000057,0.000028
2023-08-24 09:27:00,2023-08-24 09:32:00,sell,1.08317,1.08268,1.08317,1.08268,0.00023,408947.9962,198.47,485315686.94,6,target,1.08275,1.08404,72.02,0.000113,0.000091
2023-08-24 10:05:00,2023-08-24 10:08:00,sell,1.08438,1.08390,1.08438,1.08390,0.00023,418730.7925,199.86,477295110.42,4,target,1.08351,1.08394,69.55,0.000293,0.000311
2023-08-25 06:56:00,2023-08-25 07:03:00,sell,1.08018,1.08037,1.08037,1.07991,0.00013,757713.8129,-143.76,-1.00,8,stop,1.07975,1.07997,77.35,0.000078,0.000064
2023-08-28 06:18:00,2023-08-28 06:20:00,sell,1.08110,1.08126,1.08126,1.08087,0.00011,870348.2923,-143.04,-1.00,3,stop,1.08024,1.08015,74.87,0.000373,0.000376
2023-08-29 14:16:00,2023-08-29 14:17:00,buy,1.08676,1.08676,1.08676,1.08701,0.00012,811593.8425,0.00,0.00,2,stop,1.08690,1.08454,31.17,-0.000099,-0.000091
2023-08-29 19:35:00,2023-08-29 19:43:00,buy,1.08757,1.08743,1.08743,1.08776,0.00009,1034558.6021,-142.32,-1.00,9,stop,1.08797,1.08786,32.84,-0.000156,-0.000160
2023-08-30 07:59:00,2023-08-30 08:00:00,buy,1.08797,1.08771,1.08771,1.08833,0.00017,547250.4760,-141.61,-1.00,2,stop,1.08840,1.08816,30.79,-0.000055,-0.000055
2023-08-30 15:10:00,2023-08-30 15:21:00,sell,1.09238,1.09217,1.09238,1.09217,0.00010,938976.6015,197.26,210082031.21,12,target,1.09215,1.09218,68.75,0.000070,0.000074
2023-08-31 08:11:00,2023-08-31 08:12:00,sell,1.08698,1.08724,1.08724,1.08661,0.00017,543175.4395,-141.89,-1.00,2,stop,1.08672,1.08845,73.35,0.000064,0.000049
2023-08-31 14:25:00,2023-08-31 14:28:00,sell,1.08532,1.08532,1.08532,1.08513,0.00009,1034807.8670,0.00,0.00,4,stop,1.08496,1.08528,74.71,0.000074,0.000076
2023-09-04 06:18:00,2023-09-04 06:20:00,sell,1.08002,1.07980,1.08002,1.07980,0.00010,916864.6405,197.65,215571331.92,3,target,1.07863,1.07848,82.61,0.000547,0.000552
2023-09-04 07:57:00,2023-09-04 07:57:00,buy,1.08029,1.08016,1.08016,1.08047,0.00008,1131900.0347,-142.17,-1.00,1,stop,1.08043,1.07969,32.43,-0.000035,-0.000024
2023-09-04 08:11:00,2023-09-04 08:16:00,buy,1.07995,1.07995,1.07995,1.08016,0.00010,934124.8716,0.00,0.00,6,stop,1.08026,1.07973,32.83,-0.000119,-0.000119
2023-09-07 14:07:00,2023-09-07 14:09:00,buy,1.06978,1.06999,1.06978,1.06999,0.00010,958203.2666,198.04,206676516.73,3,target,1.07021,1.07022,30.32,-0.000154,-0.000158
2023-09-14 06:18:00,2023-09-14 06:19:00,buy,1.07290,1.07313,1.07290,1.07313,0.00011,861615.7965,199.42,231453950.92,2,target,1.07331,1.07331,32.93,-0.000147,-0.000162
2023-09-14 10:23:00,2023-09-14 10:27:00,sell,1.06661,1.06593,1.06661,1.06593,0.00032,295462.0261,200.82,679682440.23,5,target,1.06673,1.06920,69.66,-0.000212,-0.000340
2023-09-14 15:39:00,2023-09-14 15:41:00,sell,1.06404,1.06416,1.06416,1.06387,0.00008,1168369.0606,-144.45,-1.00,3,stop,1.06384,1.06481,68.30,0.000045,0.000046
2023-09-14 15:57:00,2023-09-14 16:02:00,sell,1.06438,1.06438,1.06438,1.06421,0.00008,1170868.8554,0.00,0.00,6,stop,1.06399,1.06472,77.17,0.000083,0.000077
2023-09-14 21:00:00,2023-09-14 21:05:00,sell,1.06421,1.06421,1.06421,1.06392,0.00014,692204.9684,0.00,0.00,6,stop,1.06399,1.06407,67.24,0.000031,-0.000000
2023-09-18 14:16:00,2023-09-18 14:19:00,buy,1.06834,1.06819,1.06819,1.06855,0.00010,968281.4404,-143.72,-1.00,4,stop,1.06877,1.06797,31.81,-0.000180,-0.000188
2023-09-18 20:58:00,2023-09-18 21:01:00,buy,1.06880,1.06880,1.06880,1.06897,0.00008,1160510.1368,0.00,0.00,4,stop,1.06913,1.06915,30.51,-0.000094,-0.000105
2023-09-19 17:47:00,2023-09-19 17:51:00,sell,1.06798,1.06798,1.06798,1.06785,0.00006,1494524.3484,0.00,0.00,5,stop,1.06786,1.06803,68.65,0.000011,0.000004
2023-09-20 18:01:00,2023-09-20 18:04:00,sell,1.06641,1.06628,1.06641,1.06628,0.00006,1540117.6781,200.21,129995837.95,4,target,1.06618,1.06697,71.19,0.000071,0.000075
2023-09-21 06:27:00,2023-09-21 06:30:00,sell,1.06591,1.06618,1.06618,1.06553,0.00018,529261.9751,-144.01,-1.00,4,stop,1.06484,1.06507,74.05,0.000354,0.000360
2023-09-21 18:01:00,2023-09-21 18:10:00,sell,1.06604,1.06618,1.06618,1.06585,0.00009,1038189.1764,-143.29,-1.00,10,stop,1.06589,1.06601,77.80,0.000011,0.000000
2023-09-22 09:12:00,2023-09-22 09:13:00,buy,1.06524,1.06524,1.06524,1.06567,0.00021,463511.0414,0.00,0.00,2,stop,1.06534,1.06488,32.52,0.000021,0.000065
2023-09-22 16:57:00,2023-09-22 16:57:00,sell,1.06466,1.06441,1.06484,1.06441,0.00012,808076.8914,199.60,1.40,1,target,1.06445,1.06473,70.37,0.000028,0.000017
2023-09-26 07:06:00,2023-09-26 07:15:00,buy,1.05914,1.05914,1.05914,1.05941,0.00013,733944.2577,0.00,0.00,10,stop,1.05949,1.05930,30.98,-0.000086,-0.000064
2023-09-26 19:37:00,2023-09-26 19:39:00,buy,1.05690,1.05690,1.05690,1.05708,0.00008,1145473.5746,0.00,0.00,3,stop,1.05711,1.05712,29.91,-0.000045,-0.000027
2023-09-29 08:01:00,2023-09-29 08:02:00,buy,1.05913,1.05913,1.05913,1.05952,0.00019,514586.1693,0.00,0.00,2,stop,1.05965,1.05902,31.83,-0.000094,-0.000094
2023-10-04 08:07:00,2023-10-04 08:15:00,buy,1.04988,1.05036,1.04954,1.05036,0.00023,418854.5313,201.00,1.40,9,target,1.05040,1.04954,32.22,-0.000169,-0.000181
2023-10-04 09:48:00,2023-10-04 09:49:00,buy,1.05098,1.05098,1.05098,1.05151,0.00025,378659.4604,0.00,0.00,2,stop,1.05158,1.05091,32.72,-0.000175,-0.000167
2023-10-04 18:00:00,2023-10-04 18:08:00,sell,1.05066,1.05077,1.05077,1.05051,0.00007,1320660.5204,-144.57,-1.00,9,stop,1.05057,1.05067,69.37,0.000007,0.000000
2023-10-04 20:32:00,2023-10-04 20:33:00,sell,1.05059,1.05073,1.05073,1.05039,0.00009,1011727.5536,-143.85,-1.00,2,stop,1.05050,1.05061,67.05,-0.000020,-0.000043
2023-10-05 17:16:00,2023-10-05 17:17:00,buy,1.05459,1.05481,1.05459,1.05481,0.00010,911027.2948,200.38,219954423.01,2,target,1.05486,1.05453,31.19,-0.000072,-0.000065
2023-10-06 15:12:00,2023-10-06 15:22:00,buy,1.05888,1.05919,1.05888,1.05919,0.00015,643020.9433,201.79,313811200.77,11,target,1.05925,1.05748,30.54,-0.000096,-0.000096
2023-10-09 10:51:00,2023-10-09 10:51:00,buy,1.05412,1.05377,1.05377,1.05461,0.00023,418275.9970,-145.14,-1.00,1,stop,1.05472,1.05449,30.29,-0.000139,-0.000124
2023-10-09 14:46:00,2023-10-09 14:52:00,buy,1.05627,1.05605,1.05605,1.05658,0.00015,662635.1033,-144.42,-1.00,7,stop,1.05634,1.05536,31.68,-0.000004,0.000014
2023-10-09 20:12:00,2023-10-09 20:16:00,buy,1.05761,1.05761,1.05761,1.05802,0.00019,496197.7640,0.00,0.00,5,stop,1.05775,1.05716,30.79,0.000025,0.000078
2023-10-10 13:53:00,2023-10-10 13:56:00,buy,1.05957,1.05957,1.05957,1.05997,0.00019,504887.0860,0.00,0.00,4,stop,1.06004,1.05964,30.62,-0.000093,-0.000094
2023-10-10 14:15:00,2023-10-10 14:21:00,buy,1.05928,1.05960,1.05928,1.05960,0.00015,629754.7631,201.17,319446202.74,7,target,1.05976,1.05961,31.90,-0.000127,-0.000123
2023-10-10 15:06:00,2023-10-10 15:12:00,buy,1.05964,1.05964,1.05964,1.05994,0.00014,667748.0373,0.00,0.00,7,stop,1.05978,1.05966,31.39,0.000040,0.000058
2023-10-11 07:07:00,2023-10-11 07:13:00,sell,1.06068,1.06030,1.06068,1.06030,0.00018,535666.1978,202.58,378185104.65,7,target,1.06029,1.06047,72.67,0.000042,0.000018
2023-10-11 10:38:00,2023-10-11 10:39:00,buy,1.06187,1.06245,1.06146,1.06245,0.00027,353943.0364,204.00,1.40,2,target,1.06233,1.06149,30.78,-0.000110,-0.000071
2023-10-11 13:19:00,2023-10-11 13:30:00,buy,1.06019,1.05989,1.05989,1.06061,0.00020,494310.3849,-146.73,-1.00,12,stop,1.06137,1.06146,31.88,-0.000393,-0.000423
2023-10-11 14:49:00,2023-10-11 14:54:00,sell,1.06053,1.06079,1.06079,1.06017,0.00017,571833.4795,-146.00,-1.00,6,stop,1.05992,1.06044,72.00,0.000178,0.000180
2023-10-11 15:16:00,2023-10-11 15:20:00,sell,1.06119,1.06094,1.06119,1.06094,0.00012,811606.1490,203.38,250586941.44,5,target,1.06055,1.06055,68.32,0.000221,0.000247
2023-10-13 09:51:00,2023-10-13 10:00:00,sell,1.05272,1.05213,1.05314,1.05213,0.00028,344593.3361,204.80,1.40,10,target,1.05253,1.05279,69.00,-0.000031,-0.000114
2023-10-13 16:57:00,2023-10-13 16:57:00,sell,1.05087,1.05070,1.05099,1.05070,0.00008,1191126.4005,206.24,1.40,1,target,1.05084,1.05104,69.32,-0.000027,-0.000049
2023-10-16 10:08:00,2023-10-16 10:12:00,buy,1.05265,1.05314,1.05265,1.05314,0.00023,422313.1417,207.68,491764959.00,5,target,1.05335,1.05328,30.67,-0.000163,-0.000134
2023-10-17 14:03:00,2023-10-17 14:08:00,buy,1.05652,1.05682,1.05652,1.05682,0.00014,705952.5543,209.13,296241659.83,6,target,1.05709,1.05678,31.22,-0.000182,-0.000193
2023-10-17 20:59:00,2023-10-17 21:01:00,sell,1.05645,1.05658,1.05658,1.05627,0.00009,1159061.1379,-150.43,-1.00,3,stop,1.05652,1.05706,67.39,-0.000060,-0.000092
2023-10-18 18:01:00,2023-10-18 18:12:00,sell,1.05375,1.05384,1.05384,1.05362,0.00006,1596481.1176,-149.67,-1.00,12,stop,1.05354,1.05373,75.73,0.000035,0.000025
2023-10-20 13:49:00,2023-10-20 14:03:00,buy,1.05932,1.05932,1.05932,1.05970,0.00018,550587.0572,0.00,0.00,15,stop,1.05955,1.05903,30.59,-0.000025,0.000024
2023-10-20 14:26:00,2023-10-20 14:34:00,buy,1.05868,1.05903,1.05868,1.05903,0.00016,603873.9566,208.50,345263746.05,9,target,1.05921,1.05902,32.65,-0.000169,-0.000169
2023-10-23 09:31:00,2023-10-23 09:31:00,buy,1.05989,1.05957,1.05957,1.06034,0.00021,468745.1260,-149.97,-1.00,1,stop,1.06054,1.06039,31.74,-0.000225,-0.000230
2023-10-24 13:41:00,2023-10-24 13:43:00,sell,1.05929,1.05929,1.05929,1.05898,0.00015,677353.1157,0.00,0.00,3,stop,1.05924,1.06065,72.13,-0.000029,-0.000068
2023-10-25 14:14:00,2023-10-25 14:20:00,sell,1.05725,1.05725,1.05725,1.05698,0.00013,775712.3838,0.00,0.00,7,stop,1.05706,1.05742,69.98,0.000056,0.000048
2023-10-26 08:10:00,2023-10-26 08:11:00,sell,1.05394,1.05394,1.05394,1.05364,0.00014,697671.8466,0.00,0.00,2,stop,1.05364,1.05452,71.15,0.000091,0.000083
2023-10-26 10:41:00,2023-10-26 10:47:00,sell,1.05400,1.05400,1.05400,1.05346,0.00026,389168.9428,0.00,0.00,7,stop,1.05389,1.05438,68.30,-0.000045,-0.000094
2023-10-26 13:35:00,2023-10-26 13:38:00,sell,1.05445,1.05445,1.05445,1.05404,0.00020,504700.3602,0.00,0.00,4,stop,1.05404,1.05424,67.82,0.000110,0.000102
2023-10-27 08:22:00,2023-10-27 08:24:00,sell,1.05432,1.05460,1.05460,1.05392,0.00019,527335.2161,-149.22,-1.00,3,stop,1.05412,1.05504,70.64,0.000044,0.000012
2023-10-31 18:07:00,2023-10-31 18:08:00,sell,1.05794,1.05794,1.05794,1.05781,0.00006,1585039.5907,0.00,0.00,2,stop,1.05779,1.05783,68.81,0.000019,0.000025
2023-10-31 19:05:00,2023-10-31 19:09:00,sell,1.05798,1.05780,1.05798,1.05780,0.00008,1180983.9910,207.86,176006578.25,5,target,1.05783,1.05783,70.09,0.000002,-0.000009
2023-11-01 20:53:00,2023-11-01 21:00:00,buy,1.05972,1.05972,1.05972,1.05990,0.00009,1138615.7030,0.00,0.00,8,stop,1.05987,1.05904,32.00,-0.000038,-0.000034
2023-11-02 09:02:00,2023-11-02 09:09:00,buy,1.06416,1.06374,1.06374,1.06474,0.00028,359202.0933,-149.51,-1.00,8,stop,1.06505,1.06403,32.32,-0.000245,-0.000255
2023-11-02 20:14:00,2023-11-02 20:15:00,sell,1.06187,1.06187,1.06187,1.06169,0.00009,1145907.1306,0.00,0.00,2,stop,1.06169,1.06182,69.80,0.000019,0.000001
2023-11-02 20:34:00,2023-11-02 20:36:00,sell,1.06202,1.06212,1.06212,1.06188,0.00007,1519619.8599,-148.76,-1.00,3,stop,1.06182,1.06184,67.27,0.000059,0.000060
2023-11-06 08:06:00,2023-11-06 08:12:00,buy,1.07400,1.07400,1.07400,1.07439,0.00019,530684.5090,0.00,0.00,7,stop,1.07460,1.07421,30.01,-0.000195,-0.000203
2023-11-07 10:12:00,2023-11-07 10:12:00,sell,1.06791,1.06820,1.06820,1.06751,0.00019,518382.5882,-148.02,-1.00,1,stop,1.06730,1.06777,70.22,0.000180,0.000167
2023-11-08 20:21:00,2023-11-08 20:21:00,sell,1.07054,1.07063,1.07063,1.07041,0.00006,1612374.2773,-147.28,-1.00,1,stop,1.07043,1.07059,72.83,0.000011,0.000001
2023-11-08 20:37:00,2023-11-08 20:38:00,sell,1.07088,1.07103,1.07103,1.07067,0.00010,962014.4311,-146.54,-1.00,2,stop,1.07058,1.07061,67.62,0.000088,0.000082
2023-11-09 08:07:00,2023-11-09 08:10:00,sell,1.06937,1.06903,1.06937,1.06903,0.00016,599336.5355,204.14,340601872.84,4,target,1.06901,1.06938,68.34,0.000043,0.000016
2023-11-09 20:17:00,2023-11-09 20:20:00,sell,1.06705,1.06719,1.06719,1.06686,0.00009,1086557.2701,-146.83,-1.00,4,stop,1.06671,1.06674,70.02,0.000078,0.000063
2023-11-13 09:10:00,2023-11-13 09:12:00,sell,1.06753,1.06716,1.06753,1.06716,0.00018,545969.2612,204.54,374629647.72,3,target,1.06715,1.06758,68.76,0.000097,0.000089
2023-11-13 09:52:00,2023-11-13 09:55:00,sell,1.06731,1.06759,1.06759,1.06692,0.00019,521777.9585,-147.12,-1.00,4,stop,1.06714,1.06745,67.78,-0.000040,-0.000073
2023-11-14 18:00:00,2023-11-14 18:00:00,buy,1.08743,1.08770,1.08724,1.08770,0.00013,764150.8614,204.94,1.40,1,target,1.08764,1.08736,31.24,-0.000064,-0.000040
2023-11-15 06:47:00,2023-11-15 06:51:00,sell,1.08654,1.08654,1.08654,1.08625,0.00014,704689.8676,0.00,0.00,5,stop,1.08628,1.08684,77.26,0.000016,-0.000014
2023-11-15 08:26:00,2023-11-15 08:30:00,sell,1.08729,1.08729,1.08729,1.08681,0.00023,426381.9694,0.00,0.00,5,stop,1.08655,1.08652,73.11,0.000175,0.000194
2023-11-15 10:47:00,2023-11-15 10:47:00,sell,1.08540,1.08575,1.08575,1.08492,0.00023,425680.2179,-147.41,-1.00,1,stop,1.08464,1.08515,68.51,0.000245,0.000234
2023-11-15 20:27:00,2023-11-15 20:30:00,buy,1.08458,1.08440,1.08440,1.08483,0.00012,822889.9840,-146.67,-1.00,4,stop,1.08501,1.08500,30.55,-0.000124,-0.000132
2023-11-21 07:24:00,2023-11-21 07:25:00,sell,1.09458,1.09458,1.09458,1.09435,0.00011,876553.6950,0.00,0.00,2,stop,1.09435,1.09449,67.53,0.000054,0.000046
2023-11-21 18:02:00,2023-11-21 18:02:00,sell,1.09130,1.09142,1.09142,1.09114,0.00008,1243956.2823,-145.94,-1.00,1,stop,1.09112,1.09134,77.60,0.000025,0.000013
2023-11-21 20:22:00,2023-11-21 20:22:00,buy,1.09170,1.09150,1.09150,1.09198,0.00013,723104.0791,-145.21,-1.00,1,stop,1.09183,1.09163,31.68,0.000025,0.000056
2023-11-22 10:44:00,2023-11-22 10:52:00,sell,1.08663,1.08604,1.08663,1.08604,0.00028,344600.5919,202.28,586987241.48,9,target,1.08641,1.08823,68.23,0.000024,-0.000026
2023-11-22 13:22:00,2023-11-22 13:29:00,sell,1.08831,1.08854,1.08854,1.08799,0.00015,637121.5053,-145.49,-1.00,8,stop,1.08738,1.08809,67.35,0.000320,0.000368
2023-11-23 07:38:00,2023-11-23 07:49:00,buy,1.09024,1.09005,1.09005,1.09051,0.00013,758491.1887,-144.77,-1.00,12,stop,1.09076,1.09032,32.38,-0.000176,-0.000178
2023-11-23 17:13:00,2023-11-23 17:19:00,buy,1.09039,1.09056,1.09027,1.09056,0.00008,1188172.1514,201.66,1.40,7,target,1.09053,1.09047,30.80,-0.000023,-0.000015
2023-11-23 18:07:00,2023-11-23 18:21:00,buy,1.09050,1.09062,1.09050,1.09062,0.00006,1659285.3648,203.07,122385143.32,15,target,1.09056,1.09051,31.01,0.000003,0.000012
2023-11-27 15:06:00,2023-11-27 15:06:00,buy,1.09526,1.09510,1.09510,1.09548,0.00010,930114.8887,-146.07,-1.00,1,stop,1.09517,1.09446,32.41,0.000059,0.000092
2023-11-28 15:27:00,2023-11-28 15:32:00,buy,1.09776,1.09809,1.09776,1.09809,0.00016,614530.2290,203.47,331099926.10,6,target,1.09837,1.09813,31.34,-0.000244,-0.000246
2023-11-28 19:02:00,2023-11-28 19:06:00,buy,1.10013,1.09998,1.09998,1.10034,0.00010,972017.7618,-146.35,-1.00,5,stop,1.10014,1.09948,31.40,0.000026,0.000041
2023-11-29 06:57:00,2023-11-29 07:00:00,sell,1.09827,1.09850,1.09850,1.09795,0.00015,646254.5377,-145.62,-1.00,4,stop,1.09817,1.09924,67.70,0.000084,0.000074
2023-11-30 07:04:00,2023-11-30 07:09:00,sell,1.09189,1.09160,1.09189,1.09160,0.00014,692864.5845,202.85,292772043.23,6,target,1.09204,1.09468,68.19,0.000009,-0.000006
2023-11-30 07:24:00,2023-11-30 07:35:00,sell,1.09192,1.09221,1.09221,1.09151,0.00019,500558.1631,-145.91,-1.00,12,stop,1.09181,1.09427,71.17,-0.000007,-0.000043
2023-12-04 15:01:00,2023-12-04 15:02:00,sell,1.08297,1.08318,1.08318,1.08268,0.00014,695857.0813,-145.18,-1.00,2,stop,1.08240,1.08263,69.47,0.000138,0.000122
2023-12-04 20:32:00,2023-12-04 20:34:00,buy,1.08354,1.08376,1.08354,1.08376,0.00010,921230.1956,202.23,219525732.11,3,target,1.08389,1.08376,32.93,-0.000124,-0.000128
2023-12-05 08:22:00,2023-12-05 08:23:00,sell,1.08215,1.08215,1.08215,1.08166,0.00023,419395.4683,0.00,0.00,2,stop,1.08180,1.08241,70.06,0.000045,0.000031
2023-12-05 08:43:00,2023-12-05 08:51:00,sell,1.08309,1.08309,1.08309,1.08262,0.00022,433533.5825,0.00,0.00,9,stop,1.08222,1.08243,74.14,0.000224,0.000203
2023-12-05 14:09:00,2023-12-05 14:11:00,sell,1.07856,1.07856,1.07856,1.07827,0.00014,691470.6597,0.00,0.00,3,stop,1.07856,1.08019,68.96,-0.000003,-0.000026
2023-12-05 15:11:00,2023-12-05 15:13:00,sell,1.07867,1.07867,1.07867,1.07842,0.00012,802910.6977,0.00,0.00,3,stop,1.07840,1.07939,73.55,0.000031,0.000009
2023-12-05 16:03:00,2023-12-05 16:07:00,sell,1.07968,1.07948,1.07982,1.07948,0.00010,1003296.4467,203.65,1.40,5,target,1.07927,1.07937,70.79,0.000097,0.000108
2023-12-06 07:53:00,2023-12-06 07:57:00,sell,1.07804,1.07770,1.07804,1.07770,0.00016,608552.0316,205.07,336988300.46,5,target,1.07774,1.07842,73.60,0.000059,0.000019
2023-12-06 09:55:00,2023-12-06 09:58:00,buy,1.07918,1.07918,1.07918,1.07973,0.00026,376724.1335,0.00,0.00,4,stop,1.07950,1.07900,30.76,0.000002,0.000020
2023-12-07 07:56:00,2023-12-07 08:04:00,sell,1.07690,1.07690,1.07690,1.07646,0.00021,470914.0765,0.00,0.00,9,stop,1.07655,1.07676,74.01,0.000001,-0.000017
2023-12-07 19:24:00,2023-12-07 19:30:00,sell,1.07941,1.07908,1.07941,1.07908,0.00016,620854.8445,206.51,332622739.59,7,target,1.07912,1.07928,69.57,0.000028,0.000007
2023-12-07 19:52:00,2023-12-07 19:54:00,sell,1.07972,1.07972,1.07972,1.07940,0.00015,647098.9249,0.00,0.00,3,stop,1.07926,1.07929,69.51,0.000080,0.000059
2023-12-11 07:57:00,2023-12-11 07:58:00,sell,1.07624,1.07585,1.07624,1.07585,0.00018,537158.9990,207.96,387140516.56,2,target,1.07620,1.07642,67.40,-0.000102,-0.000143
2023-12-13 07:41:00,2023-12-13 07:45:00,sell,1.07885,1.07867,1.07885,1.07867,0.00009,1143857.6148,209.41,183074975.16,5,target,1.07854,1.07871,69.23,0.000107,0.000108
2023-12-13 10:43:00,2023-12-13 11:01:00,sell,1.07926,1.07958,1.07958,1.07882,0.00021,477641.7220,-150.63,-1.00,19,stop,1.07887,1.07902,70.48,0.000046,0.000011
2023-12-13 16:40:00,2023-12-13 16:43:00,buy,1.08762,1.08788,1.08762,1.08788,0.00012,814497.9819,209.82,257610458.32,4,target,1.08786,1.08588,31.02,-0.000047,-0.000035
2023-12-18 06:16:00,2023-12-18 06:17:00,sell,1.09113,1.09132,1.09132,1.09087,0.00012,812300.0200,-150.92,-1.00,2,stop,1.09019,1.09010,74.88,0.000385,0.000390
2023-12-19 15:27:00,2023-12-19 15:30:00,buy,1.09732,1.09753,1.09732,1.09753,0.00010,980283.6230,210.24,214463953.15,4,target,1.09749,1.09728,32.93,-0.000021,-0.000007
2023-12-20 08:26:00,2023-12-20 08:28:00,sell,1.09480,1.09507,1.09507,1.09442,0.00018,561092.4894,-151.22,-1.00,3,stop,1.09423,1.09487,71.31,0.000152,0.000155
2023-12-20 08:43:00,2023-12-20 08:45:00,sell,1.09526,1.09549,1.09549,1.09494,0.00015,660848.3591,-150.46,-1.00,3,stop,1.09462,1.09491,68.52,0.000216,0.000220
2023-12-20 16:36:00,2023-12-20 16:43:00,sell,1.09420,1.09420,1.09420,1.09394,0.00012,809290.6338,0.00,0.00,8,stop,1.09392,1.09468,74.95,0.000065,0.000048
2023-12-20 17:30:00,2023-12-20 17:31:00,sell,1.09404,1.09404,1.09404,1.09383,0.00010,1020731.3330,0.00,0.00,2,stop,1.09395,1.09443,68.06,-0.000028,-0.000040
2023-12-21 19:18:00,2023-12-21 19:23:00,buy,1.10048,1.10070,1.10048,1.10070,0.00011,946592.7261,209.60,221420854.94,6,target,1.10073,1.10059,32.32,-0.000051,-0.000062
2023-12-22 10:39:00,2023-12-22 10:41:00,buy,1.10234,1.10204,1.10204,1.10277,0.00020,495119.9632,-150.76,-1.00,3,stop,1.10304,1.10279,30.04,-0.000225,-0.000246
2023-12-28 07:18:00,2023-12-28 07:20:00,buy,1.11147,1.11147,1.11147,1.11187,0.00019,523048.6472,0.00,0.00,3,stop,1.11187,1.11169,32.29,-0.000085,-0.000064
2023-12-28 10:56:00,2023-12-28 11:00:00,buy,1.11042,1.11042,1.11042,1.11091,0.00023,426965.4542,0.00,0.00,5,stop,1.11062,1.11048,31.10,-0.000014,0.000058
2023-12-29 09:34:00,2023-12-29 09:35:00,sell,1.10586,1.10547,1.10586,1.10547,0.00018,541606.9849,210.01,387748370.02,2,target,1.10543,1.10603,68.85,0.000126,0.000110
